ID_Empresa;NombreEmpresa;CIF;Sector;Telefono;Email
8271EMP;CirueloSL S.L.U.;Q84026340;Construcción;+34 638 219 196;contacto23659@gmail.com
9906EMP;CirueloSL S.A.;D60169805;Comercio;+34 764 474 478;contacto413156@gmail.com
9393EMP;CirueloSL S.L.U.;Q65505548;Tecnología;+34 713 222 261;contacto618615@outlook.com
8638EMP;CerezoSL S.A.;G08476818;Industria;+34 666 267 871;contacto10329@live.es
8210EMP;CedroSL S.A.;J28507641;Servicios;+34 742 436 403;contacto500187@hotmail.com
4084EMP;AguacateSL S.L.U.;D16679030;Servicios;+34 624 190 530;contacto410263@live.es
7805EMP;CirueloSL S.L.U.;C89014230;Comercio;+34 640 263 556;contacto618382@hotmail.com
4285EMP;CedroSL S.L.;N07567139;Industria;+34 692 667 439;contacto336611@live.es
7614EMP;CedroSL S.L.U.;S36178873;Tecnología;+34 666 319 490;contacto37750@live.es
3185EMP;CedroSL S.A.;P99113399;Tecnología;+34 730 765 367;contacto434936@live.es
6596EMP;CedroSL S.A.;D36886504;Consultoría;+34 648 531 144;contacto357704@outlook.com
3232EMP;CerezoSL S.L.U.;N01298237;Industria;+34 682 168 472;contacto65745@hotmail.com
3791EMP;CedroSL S.L.U.;C65563220;Consultoría;+34 666 885 138;contacto694933@gmail.com
1936EMP;AguacateSL S.L.;U37507824;Servicios;+34 687 926 305;contacto82745@gmail.com
5622EMP;CerezoSL S.L.;Q56709832;Servicios;+34 635 579 345;contacto926529@gmail.com
8674EMP;AguacateSL S.A.;J10794573;Industria;+34 762 482 699;contacto525221@outlook.com
8513EMP;CirueloSL S.A.;B62343392;Servicios;+34 759 974 984;contacto788384@hotmail.com
0272EMP;AguacateSL S.L.U.;S10327525;Consultoría;+34 753 122 853;contacto160407@outlook.com
6880EMP;CedroSL S.A.;R35388007;Construcción;+34 748 321 178;contacto813948@live.es
0738EMP;AguacateSL S.L.;P94086875;Servicios;+34 716 103 575;contacto628718@hotmail.com
5729EMP;CedroSL S.A.;S48951112;Consultoría;+34 672 348 644;contacto15894@gmail.com
4616EMP;CirueloSL S.L.;G07226442;Industria;+34 659 651 453;contacto565134@gmail.com
0931EMP;CedroSL S.L.;P65094744;Consultoría;+34 744 825 427;contacto730463@gmail.com
8299EMP;AguacateSL S.L.U.;C33417790;Tecnología;+34 611 951 334;contacto258956@hotmail.com
6324EMP;CirueloSL S.A.;E41935313;Tecnología;+34 653 175 534;contacto368422@hotmail.com
3366EMP;CerezoSL S.A.;B56830970;Consultoría;+34 785 911 311;contacto976934@hotmail.com
8238EMP;CedroSL S.A.;S35140656;Industria;+34 708 131 158;contacto220514@hotmail.com
9598EMP;CedroSL S.L.;W80289182;Servicios;+34 740 432 965;contacto940736@live.es
4393EMP;CirueloSL S.L.;W12700944;Servicios;+34 727 603 312;contacto474403@live.es
7964EMP;AguacateSL S.A.;W28537393;Servicios;+34 643 165 343;contacto924337@gmail.com
8283EMP;CedroSL S.A.;Q24788533;Tecnología;+34 645 450 143;contacto988924@outlook.com
3795EMP;CirueloSL S.L.;A60151586;Tecnología;+34 768 817 208;contacto691143@live.es
0387EMP;AguacateSL S.L.U.;S31270121;Consultoría;+34 667 973 382;contacto786566@outlook.com
0966EMP;CedroSL S.L.U.;C90086802;Servicios;+34 729 918 618;contacto96120@live.es
3198EMP;AguacateSL S.L.;D51793293;Servicios;+34 617 891 110;contacto455173@live.es
1680EMP;CedroSL S.L.U.;C53589764;Tecnología;+34 645 513 163;contacto237456@gmail.com
7436EMP;CerezoSL S.A.;D43621515;Construcción;+34 749 500 162;contacto8134@outlook.com
4915EMP;CerezoSL S.L.U.;B23734912;Construcción;+34 720 734 190;contacto655785@gmail.com
3058EMP;AguacateSL S.L.U.;W29560963;Comercio;+34 600 637 421;contacto372821@gmail.com
1277EMP;AguacateSL S.L.U.;W37216912;Tecnología;+34 732 696 761;contacto458104@gmail.com
1468EMP;CirueloSL S.L.U.;E31594992;Tecnología;+34 684 833 626;contacto444321@outlook.com
0200EMP;CirueloSL S.L.;V27315321;Comercio;+34 731 888 141;contacto911373@outlook.com
2165EMP;AguacateSL S.L.U.;V86075917;Servicios;+34 795 282 505;contacto823199@outlook.com
8318EMP;CedroSL S.L.;S53224664;Consultoría;+34 633 746 772;contacto517273@outlook.com
3848EMP;CirueloSL S.L.U.;J26787967;Tecnología;+34 773 806 807;contacto430689@live.es
6032EMP;CerezoSL S.A.;J32600373;Construcción;+34 703 700 455;contacto781579@outlook.com
4303EMP;CirueloSL S.A.;B48069456;Tecnología;+34 610 558 673;contacto26164@live.es
7275EMP;CerezoSL S.A.;Q89670461;Comercio;+34 725 751 830;contacto579685@gmail.com
8708EMP;AguacateSL S.L.U.;C16263382;Servicios;+34 722 554 955;contacto161349@outlook.com
9629EMP;AguacateSL S.L.;W42870952;Consultoría;+34 625 855 942;contacto927850@live.es
